shan,rez,rocio,sh.rez1@yahoo.com,22195369,fgcmrt,2538,2022-09-01 08:04:53.276577
shan,rez,fad,sh.rez2@yahoo.com,2215369,fgcrt,2558,2022-09-01 08:04:53.276577
shan,rez,job,sh.rez3@yahoo.com,22153069,fgcryt,6258,2022-09-01 08:04:53.276577
shan,rez,holy,sh.rez4@yahoo.com,223715369,fgdcrt,258,2022-09-01 08:04:53.276577
shan,rez,moly,sh.rez5@yahoo.com,22185369,fgcvrt,2508,2022-09-01 08:04:53.276577
shan,rez,wifi,sh.rez6@yahoo.com,22153369,fgcrtt,25008,2022-09-01 08:04:53.276577
shan,rez,bell,sh.rez7@yahoo.com,22152369,fgcrmt,2588,2022-09-01 08:04:53.276577
shan,rez,julia,sh.rez8@yahoo.com,22115369,fgccrt,25888,2022-09-01 08:04:53.276577
shan,rez,nadi,sh.rez9@yahoo.com,22154369,fgcbrt,2518,2022-09-01 08:04:53.276577
shan,rez,feri,sh.rez0@yahoo.com,22155369,fgcsrt,25118,2022-09-01 08:04:53.276577
